function_id,branch_coverage,source_imported,tests_passed,error
PY-005,0.0,False,False,Test khong import/goi source that (GPT co the da tu tao mock rieng)
PY-006,0.0,False,False,Test khong import/goi source that (GPT co the da tu tao mock rieng)
PY-007,0.0,False,False,Test khong import/goi source that (GPT co the da tu tao mock rieng)
PY-008,0.0,False,False,Test khong import/goi source that (GPT co the da tu tao mock rieng)
PY-009,0.0,False,False,Test khong import/goi source that (GPT co the da tu tao mock rieng)
PY-011,0.0,False,False,Test khong import/goi source that (GPT co the da tu tao mock rieng)
PY-015,0.0,False,False,Test khong import/goi source that (GPT co the da tu tao mock rieng)
PY-016,0.0,False,False,Test khong import/goi source that (GPT co the da tu tao mock rieng)
PY-020,0.0,False,False,Test khong import/goi source that (GPT co the da tu tao mock rieng)
PY-021,0.0,False,False,Test khong import/goi source that (GPT co the da tu tao mock rieng)
PY-023,0.0,False,False,Test khong import/goi source that (GPT co the da tu tao mock rieng)
PY-025,0.0,False,False,Test khong import/goi source that (GPT co the da tu tao mock rieng)
PY-028,0.0,False,False,Test khong import/goi source that (GPT co the da tu tao mock rieng)
PY-037,0.0,False,False,Test khong import/goi source that (GPT co the da tu tao mock rieng)
PY-042,0.0,False,False,Test khong import/goi source that (GPT co the da tu tao mock rieng)
PY-043,0.0,False,False,Test khong import/goi source that (GPT co the da tu tao mock rieng)
PY-048,0.0,False,False,Test khong import/goi source that (GPT co the da tu tao mock rieng)
PY-049,0.0,False,True,Test khong import/goi source that (GPT co the da tu tao mock rieng)
PY-050,0.0,False,False,Test khong import/goi source that (GPT co the da tu tao mock rieng)
PY-051,0.0,False,False,Test khong import/goi source that (GPT co the da tu tao mock rieng)
PY-052,0.0,False,False,Test khong import/goi source that (GPT co the da tu tao mock rieng)
PY-053,0.0,False,False,Test khong import/goi source that (GPT co the da tu tao mock rieng)
PY-054,0.0,False,False,Test khong import/goi source that (GPT co the da tu tao mock rieng)
PY-055,0.0,False,False,Test khong import/goi source that (GPT co the da tu tao mock rieng)
PY-056,0.0,False,False,Test khong import/goi source that (GPT co the da tu tao mock rieng)
PY-057,0.0,False,False,Test khong import/goi source that (GPT co the da tu tao mock rieng)
PY-058,0.0,False,False,Test khong import/goi source that (GPT co the da tu tao mock rieng)
PY-060,0.0,False,False,Test khong import/goi source that (GPT co the da tu tao mock rieng)
PY-062,0.0,False,False,Test khong import/goi source that (GPT co the da tu tao mock rieng)
PY-063,0.0,False,False,Test khong import/goi source that (GPT co the da tu tao mock rieng)
PY-064,0.0,False,False,Test khong import/goi source that (GPT co the da tu tao mock rieng)
PY-065,0.0,False,False,Test khong import/goi source that (GPT co the da tu tao mock rieng)
PY-066,0.0,False,False,Test khong import/goi source that (GPT co the da tu tao mock rieng)
PY-067,0.0,False,False,Test khong import/goi source that (GPT co the da tu tao mock rieng)
PY-068,0.0,False,False,Test khong import/goi source that (GPT co the da tu tao mock rieng)
PY-069,0.0,False,False,Test khong import/goi source that (GPT co the da tu tao mock rieng)
PY-070,0.0,False,False,Test khong import/goi source that (GPT co the da tu tao mock rieng)
PY-071,0.0,False,False,Test khong import/goi source that (GPT co the da tu tao mock rieng)
PY-072,0.0,False,False,Test khong import/goi source that (GPT co the da tu tao mock rieng)
PY-073,0.0,False,False,Test khong import/goi source that (GPT co the da tu tao mock rieng)
PY-074,0.0,False,False,Test khong import/goi source that (GPT co the da tu tao mock rieng)
PY-075,0.0,False,False,Test khong import/goi source that (GPT co the da tu tao mock rieng)
PY-076,0.0,False,False,Test khong import/goi source that (GPT co the da tu tao mock rieng)
PY-077,0.0,False,True,Test khong import/goi source that (GPT co the da tu tao mock rieng)
PY-078,0.0,False,False,Test khong import/goi source that (GPT co the da tu tao mock rieng)
PY-079,0.0,False,False,Test khong import/goi source that (GPT co the da tu tao mock rieng)
PY-080,0.0,False,False,Test khong import/goi source that (GPT co the da tu tao mock rieng)
PY-081,0.0,False,False,Test khong import/goi source that (GPT co the da tu tao mock rieng)
PY-082,0.0,False,False,Test khong import/goi source that (GPT co the da tu tao mock rieng)
PY-083,0.0,False,False,Test khong import/goi source that (GPT co the da tu tao mock rieng)
