test_file,compile_success,error
PY-005_test.py,1,
PY-006_test.py,1,
PY-007_test.py,1,
PY-008_test.py,1,
PY-009_test.py,1,
PY-011_test.py,1,
PY-015_test.py,1,
PY-016_test.py,1,
PY-020_test.py,1,
PY-021_test.py,1,
PY-023_test.py,1,
PY-025_test.py,1,
PY-028_test.py,1,
PY-037_test.py,1,
PY-042_test.py,1,
PY-043_test.py,1,
PY-048_test.py,1,
PY-049_test.py,1,
PY-050_test.py,1,
PY-051_test.py,1,
PY-052_test.py,1,
PY-053_test.py,1,
PY-054_test.py,1,
PY-055_test.py,1,
PY-056_test.py,1,
PY-057_test.py,1,
PY-058_test.py,1,
PY-060_test.py,1,
PY-062_test.py,1,
PY-063_test.py,1,
PY-064_test.py,1,
PY-065_test.py,1,
PY-066_test.py,1,
PY-067_test.py,1,
PY-068_test.py,1,
PY-069_test.py,1,
PY-070_test.py,1,
PY-071_test.py,1,
PY-072_test.py,1,
PY-073_test.py,1,
PY-074_test.py,1,
PY-075_test.py,0,"Sorry: IndentationError: expected an indented block after function definition on line 13 (PY-075_test.py, line 16)"
PY-076_test.py,1,
PY-077_test.py,1,
PY-078_test.py,1,
PY-079_test.py,1,
PY-080_test.py,1,
PY-081_test.py,1,
PY-082_test.py,1,
PY-083_test.py,1,
