function_id,language,cc_band,cc_value,source_code,annotator_dg,annotator_rw,final_label,notes
PY-005,python,CC5-8,7,"def get_centroids_mol_ids(self):
        """"""Method to return a dictionary containing the centroids and mol indices of the leaves""""""
        if self.first_call:
            raise ValueError('The model has not been fitted yet.')
        
        centroids = []
        mol_ids = []
        for leaf in self._get_leaves():
            for subcluster in leaf.subclusters_:
                centroids.append(subcluster.centroid_)
                mol_ids.append(subcluster.mol_indices)

        dict_centroids_mol_ids = {'centroids': centroids, 'mol_ids': mol_ids}

        return dict_centroids_mol_ids",Maintainable,Maintainable,Maintainable,
PY-006,python,CC5-8,6,"def get_centroids(self):
        """"""Method to return a list of Numpy arrays containing the centroids' fingerprints""""""
        if self.first_call:
            raise ValueError('The model has not been fitted yet.')
        
        centroids = []
        for leaf in self._get_leaves():
            for subcluster in leaf.subclusters_:
                centroids.append(subcluster.centroid_)

        return centroids",Hard,Hard,Hard,
PY-007,python,CC5-8,6,"def get_cluster_mol_ids(self):
        """"""Method to return the indices of molecules in each cluster""""""
        if self.first_call:
            raise ValueError('The model has not been fitted yet.')
        
        clusters_mol_id = []
        for leaf in self._get_leaves():
            for subcluster in leaf.subclusters_:
                clusters_mol_id.append(subcluster.mol_indices)

        # Sort the clusters by the number of samples in the cluster
        clusters_mol_id = sorted(clusters_mol_id, key = lambda x: len(x), reverse = True)

        return clusters_mol_id",Maintainable,Maintainable,Maintainable,
PY-008,python,CC5-8,6,"def get_BFs(self):
        """"""Method to return the BitFeatures of the leaves""""""
        if self.first_call:
            raise ValueError('The model has not been fitted yet.')
        
        BFs = []
        for leaf in self._get_leaves():
            for subcluster in leaf.subclusters_:
                BFs.append(subcluster)

        # Sort the BitFeatures by the number of samples in the cluster
        BFs = sorted(BFs, key = lambda x: x.n_samples_, reverse = True)

        return BFs",Hard,Hard,Hard,
PY-009,python,CC5-8,7,"import numpy as np


def prepare_data_BFs(self, fps, initial_mol = 0):
        """"""Method to prepare the BitFeatures of the largest cluster and the rest of the clusters""""""
        if self.first_call:
            raise ValueError('The model has not been fitted yet.')
        
        BFs = self._get_BFs()
        big, rest = BFs[0], BFs[1:]

        data = []
        for BF in rest:
            data.append([BF.n_samples_, BF.linear_sum_.astype(np.int64), BF.mol_indices])

        bigs = []
        for mol in big.mol_indices:
            bigs.append([1, fps[mol - initial_mol].astype(np.int64), [mol]])

        return data, bigs",Maintainable,Maintainable,Maintainable,
PY-020,python,CC5-8,5,"import numpy as np
import matplotlib
matplotlib.use('Agg')
import matplotlib.pyplot as plt
from sklearn.preprocessing import StandardScaler
from sklearn.manifold import TSNE


def tsne_plot(brc, fps, method='', title=None):
    clusters = brc.get_cluster_mol_ids()
    sort_clusters = sorted(clusters, key=lambda x: len(x), reverse=True)[:20]
    # #     # Map each mol ID to its cluster ID
    n_molecules = sum([len(x) for x in sort_clusters])


    cluster_labels = [0] * n_molecules

    fps_clusters = []#[0] * n_molecules
    cluster_labels = []#[0] * n_molecules

    for cluster_id, cluster in enumerate(sort_clusters):
        for idx in cluster:
            fps_clusters.append(fps[idx])
            cluster_labels.append(int(cluster_id))


    scaler = StandardScaler()
    fps_scaled = scaler.fit_transform(fps_clusters)

    tsne = TSNE(n_components=2, perplexity=30, random_state=42)
    fps_tsne = tsne.fit_transform(fps_scaled)

    plt.figure(figsize=(8, 6))
    scatter = plt.scatter(fps_tsne[:, 0], fps_tsne[:, 1], c=cluster_labels, cmap='tab20', alpha=0.9)
    cbar = plt.colorbar(scatter, label=""Cluster ID"")
    cbar.set_ticks(np.arange(20))  # Set ticks at the center of each color
    cbar.set_ticklabels(np.arange(1, 21))  # Set labels from 1 to 20
    plt.xlabel(""t-SNE Component 1"")
    plt.ylabel(""t-SNE Component 2"")
    if title:
        plt.title(f""t-SNE of Top 20 Largest Clusters for {title}"")
    else:
        plt.title(f""t-SNE of Top 20 Largest Clusters for {method[0].upper() + method[1:]}"")
    plt.show()",Hard,Hard,Hard,
PY-023,python,CC5-8,5,"import os
import numpy as np
import pandas as pd
import matplotlib.pyplot as plt


def init_plot(method, title=None):
    csv_file = f""data/{method}_cluster_metrics.csv""

    if not os.path.exists(csv_file):
        print(f""Error: CSV file not found at {csv_file}"")
    else:
        # Read CSV
        df = pd.read_csv(csv_file)

        # Ensure Cluster is treated as a categorical variable
        df[""Cluster""] = df[""Cluster""].astype(str)

        # Create figure and axes
        plt.figure(figsize=(10, 5))

        # Plot the number of molecules
        plt.bar(df[""Cluster""], df[""Number of Molecules""], color=""blue"", alpha=1, label=""Molecules"")
        
        # Annotate the number of molecules
        for i, mol in enumerate(df[""Number of Molecules""]):
            plt.text(i, mol, f""{mol}"", ha=""center"", va=""bottom"", fontsize=10, color=""black"")

        # Plot the number of unique scaffolds
        plt.bar(df[""Cluster""], df[""Number of Unique Scaffolds""], color=""orange"", alpha=1, label=""Scaffolds"")

        # Annotate the number of unique scaffolds
        for i, scaf in enumerate(df[""Number of Unique Scaffolds""]):
            plt.text(i, scaf, f""{scaf}"", ha=""center"", va=""bottom"", fontsize=8, color=""white"")

        # Labels
        plt.xlabel(""Cluster"", fontsize=12)
        plt.ylabel(""Count"", fontsize=12)
        plt.xticks(range(len(df[""Cluster""])))
        plt.legend(loc=""upper right"")
     
     
        # Plot iSIM
        plt.twinx()
        plt.plot(df[""Cluster""], df[""iSIM""], color=""green"", marker=""o"", label=""iSIM"", linewidth=2)
        plt.ylabel(""iSIM"", fontsize=12)
        plt.yticks(np.arange(0, 1.1, 0.1))
        plt.ylim(0, 1)

        plt.tight_layout()

        plt.legend(loc=""upper right"", bbox_to_anchor=(0.80, 1))

        # Title
        if title:
            plt.title(f'Top 20 Cluster Metrics for {title}', fontsize=14)
        else:
            plt.title(f'Top 20 Cluster Metrics for {method[0].upper() + method[1:]}', fontsize=14)


        plt.show()",Hard,Hard,Hard,
PY-025,python,CC5-8,5,"import numpy as np


def __init__(self, *, threshold, branching_factor, is_leaf, n_features, dtype):
        self.threshold = threshold
        self.branching_factor = branching_factor
        self.is_leaf = is_leaf
        self.n_features = n_features

        # The list of subclusters, centroids and squared norms
        # to manipulate throughout.
        self.subclusters_ = []
        self.init_centroids_ = np.zeros((branching_factor + 1, n_features), dtype=dtype)
        self.prev_leaf_ = None
        self.next_leaf_ = None

        self.centroids_sum=np.zeros((1, branching_factor + 1),dtype=""int64"")",Maintainable,Maintainable,Maintainable,
PY-028,python,CC5-8,5,"def fit(self, X, y=None):
        """"""
        Build a BF Tree for the input data.

        Parameters
        ----------
        X : {array-like, sparse matrix} of shape (n_samples, n_features)
            Input data.

        y : Ignored
            Not used, present here for API consistency by convention.

        Returns
        -------
        self
            Fitted estimator.
        """"""

        # TODO: Add input verification
        return self._fit(X, partial=False)",Maintainable,Maintainable,Maintainable,
PY-011,python,CC9-12,11,"import numpy as np


def get_top_cluster_params(self, X, top):
        """"""Method to recieve the cluster mol indices, centroids, and fingerprints of the top user-specified clusters.
        
        Parameters
        ----------
        X : {array-like, sparse matrix} of shape (n_samples, n_features)
            Input data.
        
        top: int
            default: 20; specifies number of top largest clusters to reassign

        Returns
        -------
        top_clusters: sorted list
            list of len top; containing the cluster mol ids of given clusters

        centroids: np.array; shape (top, n_features)
            centroids of the top clusters

        mol_indices: list of indices with the top clusters; len of number of molecules in all top clusters

        data_top_clusters: np.array; shape (n_molecules, n_features)
            fingerprints of the molecules in the top clusters
        """"""
        top_clusters = sorted(self.get_cluster_mol_ids(), key=len, reverse=True)[:top]
        centroids = np.array([self._calc_centroid(X, c) for c in top_clusters])
        mol_indices = [i for c in top_clusters for i in c]
        data_top_clusters = np.array([X[i] for i in mol_indices])
        assert data_top_clusters.shape[0] == len(mol_indices)

        return top_clusters, centroids, mol_indices, data_top_clusters",Hard,Hard,Hard,
PY-015,python,CC9-12,9,"def check_cluster_structure(brc):
    total_mol = 0
    mol_j_vals = []
    for index, node in enumerate(brc._get_leaves()):
        for c in node.subclusters_:
            mol_j = c.mol_indices
            total_mol+=c.n_samples_
            mol_j_vals.append(mol_j)
            assert c.n_samples_ == len(mol_j), f""Fatal! N_j:{c.n_samples_} and len(mol_j):{len(mol_j)} are incompatible.""
    print('Check to ensure all N_j values are identical to all len(mol_j) values passed.')


    print('Total number of molecules:', total_mol)

    mol_j_vals = [i for cl in mol_j_vals for i in cl]

    unique = []
    for m in mol_j_vals:
        if m in unique:
            print(f'Fatal! Index {m} is repeating!')
        else:
            msg = 'There are no repeated indices.'
        unique.append(m)
    if msg:
        print(msg)

    print(f'The range of molecular indices is {min(mol_j_vals)} thru {max(mol_j_vals)}')",Maintainable,Maintainable,Maintainable,
PY-016,python,CC9-12,9,"def forward(self):
        print('Running Cluster Analysis: \n')
        print('Computing clustering metrics...')
        self.chi_val, self.dbi_val, self.dunn_val = self.clustering_metrics()
        print(f'Chi:{self.chi_val}')
        print(f'DBI:{self.dbi_val}')
        print(f'Dunn:{self.dunn_val}\n')

        print('Analyzing the biggest cluster...')
        biggest_cluster, fps_biggest_cluster = self.get_biggest_cluster()
        (self.n_biggest_cluster, self.isim_biggest_cluster, 
        self.isim_outliers, self.isim_medoids, self.radius_value) = self.biggest_cluster_metrics(biggest_cluster, fps_biggest_cluster)
        print(f'Size of biggest cluster: {self.n_biggest_cluster}')
        print(f'iSIM: {self.isim_biggest_cluster}')
        print(f'iSIM of the outliers: {self.isim_outliers}')
        print(f'iSIM of the medoids: {self.isim_medoids}')
        print(f'Radius of biggest_cluster: {self.radius_value} \n')

        print('Looking for unique scaffolds...')
        self.unique_scaffolds, self.scaffolds_iSIM = self.scaffold_analysis(biggest_cluster)
        print(f'Number of unique scaffolds: {self.unique_scaffolds}')
        print(f'iSIM of unique scaffolds: {self.scaffolds_iSIM} \n')
        
        print('Getting total clusters...')
        clusters = self.get_clusters()
        self.total_clusters = len(clusters)
        self.larger_clusters = [x for x in [len(cluster) > 10 for cluster in clusters] if x]
        print(f'Total number of clusters: {self.total_clusters}')
        print(f'Total number of clusters with more than 10 molecules: {len(self.larger_clusters)} \n')
        
        print('Analysis Complete!')
        
        return clusters",Hard,Hard,Hard,
PY-021,python,CC9-12,10,"import plotly.graph_objects as go


def mol_relocation_plots(brc_1, brc_2, top_n = 2, title=None):
    
    clusters_1 = brc_1.get_cluster_mol_ids()
    clusters_2 = brc_2.get_cluster_mol_ids()

    list_1 = sorted(clusters_1, key=lambda x: len(x), reverse=True)[:top_n]
    list_2 = sorted(clusters_2, key=lambda x: len(x), reverse=True)[:top_n]

    # Map elements to clusters
    cluster_map_1 = {elem: f""Cluster 1-{i}"" for i, cluster in enumerate(list_1) for elem in cluster}
    cluster_map_2 = {elem: f""Cluster 2-{i}"" for i, cluster in enumerate(list_2) for elem in cluster}

    # Track flow of elements between clusters
    flows = {}
    for elem in cluster_map_1:
        source = cluster_map_1[elem]
        target = cluster_map_2.get(elem, ""Other smaller cluster"")
        flow_key = (source, target)
        flows[flow_key] = flows.get(flow_key, 0) + 1

    # Prepare data for Sankey diagram
    labels = list(set([src for src, _ in flows] + [tgt for _, tgt in flows]))
    source_indices = [labels.index(src) for src, _ in flows]
    target_indices = [labels.index(tgt) for _, tgt in flows]
    values = list(flows.values())

    # Create Sankey diagram
    fig = go.Figure(data=[go.Sankey(
        node=dict(
            pad=15,
            thickness=20,
            line=dict(color=""black"", width=0.5),
            label=labels
        ),
        link=dict(
            source=source_indices,
            target=target_indices,
            value=values
        )
    )])

    # Update layout
    fig.update_layout(
        title_text=title,
        font_size=10
    )
    fig.show()",Hard,Hard,Hard,
PY-037,python,CC9-12,9,"def get_cluster_mol_ids(self):
        """"""Method to return the indices of molecules in each cluster""""""
        # TODO: create torch version of this function for tensor output
        if self.first_call:
            raise ValueError('The model has not been fitted yet.')

        clusters_mol_id = []
        for leaf in self._get_leaves():
            for subcluster in leaf.subclusters_:
                clusters_mol_id.append(subcluster.mol_indices)

        return clusters_mol_id",Maintainable,Maintainable,Maintainable,
PY-048,python,CC9-12,9,"import numpy as np


def act(self, cent_obs, obs, rnn_states_actor, masks, available_actions=None, deterministic=True):
        """"""
        Compute actions using the given inputs.
        :param obs (np.ndarray): local agent inputs to the actor.
        :param rnn_states_actor: (np.ndarray) if actor is RNN, RNN states for actor.
        :param masks: (np.ndarray) denotes points at which RNN states should be reset.
        :param available_actions: (np.ndarray) denotes which actions are available to agent
                                  (if None, all actions available)
        :param deterministic: (bool) whether the action should be mode of distribution or should be sampled.
        """"""

        # this function is just a wrapper for compatibility
        rnn_states_critic = np.zeros_like(rnn_states_actor)
        _, actions, _, rnn_states_actor, _ = self.get_actions(cent_obs,
                                                              obs,
                                                              rnn_states_actor,
                                                              rnn_states_critic,
                                                              masks,
                                                              available_actions,
                                                              deterministic)

        return actions, rnn_states_actor",Maintainable,Maintainable,Maintainable,
PY-042,python,CC13-15,15,"import numpy as np


def train(self, buffer, update_actor=True):
        """"""
        Perform a training update using minibatch GD.
        :param buffer: (SharedReplayBuffer) buffer containing training data.
        :param update_actor: (bool) whether to update actor network.

        :return train_info: (dict) contains information regarding training update (e.g. loss, grad norms, etc).
        """"""
        if self._use_popart:
            advantages = buffer.returns[:-1] - self.value_normalizer.denormalize(buffer.value_preds[:-1])
        else:
            advantages = buffer.returns[:-1] - buffer.value_preds[:-1]

        advantages_copy = advantages.copy()
        advantages_copy[buffer.active_masks[:-1] == 0.0] = np.nan
        mean_advantages = np.nanmean(advantages_copy)
        std_advantages = np.nanstd(advantages_copy)
        advantages = (advantages - mean_advantages) / (std_advantages + 1e-5)

        train_info = {}

        train_info['value_loss'] = 0
        train_info['policy_loss'] = 0
        train_info['dist_entropy'] = 0
        train_info['actor_grad_norm'] = 0
        train_info['critic_grad_norm'] = 0
        train_info['ratio'] = 0

        for _ in range(self.ppo_epoch):
            if self._use_recurrent_policy:
                data_generator = buffer.recurrent_generator(advantages, self.num_mini_batch, self.data_chunk_length)
            elif self._use_naive_recurrent:
                data_generator = buffer.naive_recurrent_generator(advantages, self.num_mini_batch)
            else:
                data_generator = buffer.feed_forward_generator(advantages, self.num_mini_batch)

            for sample in data_generator:
                value_loss, critic_grad_norm, policy_loss, dist_entropy, actor_grad_norm, imp_weights = self.ppo_update(sample, update_actor=update_actor)

                train_info['value_loss'] += value_loss.item()
                train_info['policy_loss'] += policy_loss.item()
                train_info['dist_entropy'] += dist_entropy.item()
                train_info['actor_grad_norm'] += actor_grad_norm
                train_info['critic_grad_norm'] += critic_grad_norm
                train_info['ratio'] += imp_weights.mean()

        num_updates = self.ppo_epoch * self.num_mini_batch

        for k in train_info.keys():
            train_info[k] /= num_updates
 
        return train_info",Hard,Hard,Hard,
PY-043,python,CC13-15,15,"def get_actions(self, cent_obs, obs, rnn_states_actor, rnn_states_critic, masks, available_actions=None,
                    deterministic=False):
        """"""
        Compute actions and value function predictions for the given inputs.
        :param cent_obs (np.ndarray): centralized input to the critic.
        :param obs (np.ndarray): local agent inputs to the actor.
        :param rnn_states_actor: (np.ndarray) if actor is RNN, RNN states for actor.
        :param rnn_states_critic: (np.ndarray) if critic is RNN, RNN states for critic.
        :param masks: (np.ndarray) denotes points at which RNN states should be reset.
        :param available_actions: (np.ndarray) denotes which actions are available to agent
                                  (if None, all actions available)
        :param deterministic: (bool) whether the action should be mode of distribution or should be sampled.

        :return values: (torch.Tensor) value function predictions.
        :return actions: (torch.Tensor) actions to take.
        :return action_log_probs: (torch.Tensor) log probabilities of chosen actions.
        :return rnn_states_actor: (torch.Tensor) updated actor network RNN states.
        :return rnn_states_critic: (torch.Tensor) updated critic network RNN states.
        """"""
        actions, action_log_probs, rnn_states_actor = self.actor(obs,
                                                                 rnn_states_actor,
                                                                 masks,
                                                                 available_actions,
                                                                 deterministic)

        values, rnn_states_critic = self.critic(cent_obs, rnn_states_critic, masks)
        return values, actions, action_log_probs, rnn_states_actor, rnn_states_critic",Maintainable,Maintainable,Maintainable,
PY-049,python,CC5-8,5,"def merge_intervals(intervals):
    if not intervals:
        return []
    intervals = sorted(intervals, key=lambda x: x[0])
    merged = [intervals[0]]
    for current in intervals[1:]:
        last = merged[-1]
        if current[0] <= last[1]:
            if current[1] > last[1]:
                merged[-1] = (last[0], current[1])
        else:
            merged.append(current)
    return merged",Hard,Hard,Hard,
PY-050,python,CC5-8,6,"def schedule_tasks(tasks, max_workers=4):
    queue = sorted(tasks, key=lambda t: t.get(""priority"", 0), reverse=True)
    assignments = {i: [] for i in range(max_workers)}
    loads = [0] * max_workers
    for task in queue:
        duration = task.get(""duration"", 1)
        target = 0
        for w in range(max_workers):
            if loads[w] < loads[target]:
                target = w
        if duration <= 0:
            continue
        assignments[target].append(task)
        loads[target] += duration
    return assignments",Maintainable,Maintainable,Maintainable,
PY-051,python,CC9-12,9,"def compute_discount(total, customer_tier, coupon=None, is_first_order=False):
    rate = 0.0
    if customer_tier == ""gold"":
        rate = 0.15
    elif customer_tier == ""silver"":
        rate = 0.10
    elif customer_tier == ""bronze"":
        rate = 0.05
    if coupon:
        if coupon.startswith(""SALE""):
            rate += 0.05
        elif coupon.startswith(""VIP""):
            rate += 0.10
    if is_first_order:
        rate += 0.05
    if rate > 0.5:
        rate = 0.5
    return total * (1 - rate)",Hard,Hard,Hard,
PY-052,python,CC9-12,11,"def validate_password(password, min_length=8, require_digit=True, require_upper=True, require_special=False):
    if len(password) < min_length:
        return False
    has_digit = any(c.isdigit() for c in password)
    has_upper = any(c.isupper() for c in password)
    has_special = any(not c.isalnum() for c in password)
    if require_digit and not has_digit:
        return False
    if require_upper and not has_upper:
        return False
    if require_special and not has_special:
        return False
    return True",Maintainable,Maintainable,Maintainable,
PY-053,python,CC9-12,9,"def calculate_shipping(weight_kg, distance_km, express=False, fragile=False, country=""domestic""):
    base = 5.0
    if weight_kg > 1:
        base += (weight_kg - 1) * 1.5
    if distance_km > 100:
        base += (distance_km - 100) * 0.02
    elif distance_km > 50:
        base += (distance_km - 50) * 0.01
    if express:
        base *= 1.5
    if fragile:
        base += 3.0
    if country == ""international"":
        base *= 2.0
    elif country == ""regional"":
        base *= 1.2
    if base > 200:
        base = 200.0
    return round(base, 2)",Hard,Hard,Hard,
PY-054,python,CC9-12,11,"def build_query_string(params, sort_keys=True, exclude_none=True, encode_spaces=True):
    items = list(params.items())
    if sort_keys:
        items.sort(key=lambda kv: kv[0])
    parts = []
    for key, value in items:
        if value is None:
            if exclude_none:
                continue
            value = """"
        if isinstance(value, bool):
            value = ""true"" if value else ""false""
        elif isinstance(value, (list, tuple)):
            for v in value:
                encoded_v = str(v).replace("" "", ""+"") if encode_spaces else str(v)
                parts.append(f""{key}={encoded_v}"")
            continue
        encoded_value = str(value).replace("" "", ""+"") if encode_spaces else str(value)
        parts.append(f""{key}={encoded_value}"")
    return ""&"".join(parts)",Maintainable,Maintainable,Maintainable,
PY-055,python,CC9-12,12,"def normalize_path(path, base=None, strict=False, allow_empty=False):
    if path is None:
        if allow_empty:
            return """"
        raise ValueError(""path is required"")
    if base:
        if not path.startswith(""/""):
            path = base.rstrip(""/"") + ""/"" + path
    parts = path.split(""/"")
    cleaned = []
    for part in parts:
        if part == """" or part == ""."":
            continue
        if part == "".."":
            if cleaned and strict:
                cleaned.pop()
            elif not strict:
                cleaned.append(part)
        else:
            cleaned.append(part)
    return ""/"" + ""/"".join(cleaned)",Hard,Hard,Hard,
PY-056,python,CC13-15,14,"def classify_shipment_priority(weight_kg, distance_km, value_usd, is_perishable, is_fragile, customer_tier):
    score = 0
    if weight_kg > 20:
        score += 1
    elif weight_kg > 10:
        score += 2
    else:
        score += 3
    if distance_km > 500:
        score -= 2
    elif distance_km > 200:
        score -= 1
    if value_usd > 1000:
        score += 3
    elif value_usd > 100:
        score += 1
    if is_perishable:
        score += 4
    if is_fragile:
        score += 1
    if customer_tier == ""gold"":
        score += 2
    elif customer_tier == ""silver"":
        score += 1
    if score >= 8:
        return ""urgent""
    elif score >= 5:
        return ""high""
    elif score >= 2:
        return ""normal""
    else:
        return ""low""",Maintainable,Maintainable,Maintainable,
PY-057,python,CC13-15,14,"def parse_csv_line(line, delimiter="","", quote_char='""', trim_whitespace=False, skip_empty=False):
    fields = []
    current = """"
    in_quotes = False
    i = 0
    while i < len(line):
        ch = line[i]
        if in_quotes:
            if ch == quote_char:
                if i + 1 < len(line) and line[i + 1] == quote_char:
                    current += quote_char
                    i += 1
                else:
                    in_quotes = False
            else:
                current += ch
        else:
            if ch == quote_char:
                in_quotes = True
            elif ch == delimiter:
                if trim_whitespace:
                    current = current.strip()
                if not (skip_empty and current == """"):
                    fields.append(current)
                current = """"
            else:
                current += ch
        i += 1
    if trim_whitespace:
        current = current.strip()
    if not (skip_empty and current == """"):
        fields.append(current)
    return fields",Hard,Hard,Hard,
PY-058,python,CC13-15,15,"def compute_loan_eligibility(income, credit_score, existing_debt, employment_years, age, has_collateral):
    if age < 18 or age > 70:
        return False
    if credit_score < 500:
        return False
    debt_ratio = existing_debt / income if income > 0 else 1.0
    if debt_ratio > 0.5:
        if not has_collateral:
            return False
        elif credit_score < 650:
            return False
    if employment_years < 1:
        if credit_score < 700:
            return False
    elif employment_years < 3:
        if credit_score < 600:
            return False
    if credit_score >= 750:
        return True
    elif credit_score >= 650:
        return debt_ratio <= 0.4
    else:
        return debt_ratio <= 0.2 and has_collateral",Maintainable,Maintainable,Maintainable,
PY-060,python,CC13-15,13,"def grade_exam(score, attendance_pct, has_late_penalty, extra_credit, is_makeup_exam, has_disability_accommodation):
    adjusted = score
    if has_late_penalty:
        if has_disability_accommodation:
            adjusted -= 2
        else:
            adjusted -= 5
    adjusted += extra_credit
    if attendance_pct < 50:
        if has_disability_accommodation:
            adjusted -= 5
        else:
            adjusted -= 10
    elif attendance_pct < 75:
        adjusted -= 5
    if is_makeup_exam:
        adjusted = min(adjusted, 80)
    if adjusted >= 90:
        grade = ""A""
    elif adjusted >= 80:
        grade = ""B""
    elif adjusted >= 70:
        grade = ""C""
    elif adjusted >= 60:
        grade = ""D""
    else:
        grade = ""F""
    if grade == ""F"" and attendance_pct >= 90:
        grade = ""D""
    return grade",Maintainable,Maintainable,Maintainable,
PY-062,python,CC13-15,15,"def validate_form_submission(fields, required_fields, max_lengths, custom_validators):
    errors = []
    for field in required_fields:
        if field not in fields or not fields[field]:
            errors.append(f""{field} is required"")
    for field, value in fields.items():
        if field in max_lengths:
            if value and len(value) > max_lengths[field]:
                errors.append(f""{field} exceeds max length"")
        if field in custom_validators:
            validator = custom_validators[field]
            if value:
                if not validator(value):
                    errors.append(f""{field} failed validation"")
    if ""email"" in fields and fields[""email""]:
        if ""@"" not in fields[""email""]:
            errors.append(""invalid email"")
        elif fields[""email""].count(""@"") > 1:
            errors.append(""invalid email"")
    return errors",Maintainable,Maintainable,Maintainable,
PY-063,python,CC13-15,13,"def compute_tax_bracket(income, filing_status, deductions, dependents, is_senior):
    taxable = income - deductions
    if dependents > 0:
        taxable -= dependents * 2000
    if is_senior:
        taxable -= 1500
    if taxable < 0:
        taxable = 0
    if filing_status == ""single"":
        if taxable <= 10000:
            rate = 0.10
        elif taxable <= 40000:
            rate = 0.15
        elif taxable <= 90000:
            rate = 0.25
        else:
            rate = 0.35
    elif filing_status == ""married"":
        if taxable <= 20000:
            rate = 0.10
        elif taxable <= 80000:
            rate = 0.15
        else:
            rate = 0.25
    else:
        rate = 0.20
    tax = taxable * rate
    if is_senior and tax > 0:
        tax *= 0.95
    return round(tax, 2)",Hard,Hard,Hard,
PY-064,python,CC13-15,13,"def detect_anomaly(readings, baseline, tolerance_pct, min_consecutive, allow_negative_spike, smoothing=False, reset_on_recovery=True):
    anomalies = []
    consecutive = 0
    prev_value = None
    for i, value in enumerate(readings):
        if smoothing and prev_value is not None:
            value = (value + prev_value) / 2
        deviation = (value - baseline) / baseline if baseline != 0 else 0
        is_high = deviation > tolerance_pct
        is_low = deviation < -tolerance_pct and not allow_negative_spike
        if is_high or is_low:
            consecutive += 1
            if consecutive >= min_consecutive:
                if is_high:
                    anomalies.append((i, ""high""))
                elif is_low:
                    anomalies.append((i, ""low""))
        else:
            if reset_on_recovery:
                consecutive = 0
            elif consecutive > 0:
                consecutive -= 1
        prev_value = value
    return anomalies",Maintainable,Maintainable,Maintainable,
PY-065,python,CC13-15,14,"def assign_seat(passenger, available_seats, preferences, is_vip, group_size):
    if is_vip:
        for seat in available_seats:
            if seat.get(""class"") == ""first"":
                return seat
    if group_size > 1:
        for seat in available_seats:
            if seat.get(""adjacent_free"", 0) >= group_size - 1:
                return seat
    if preferences.get(""window""):
        for seat in available_seats:
            if seat.get(""type"") == ""window"":
                return seat
    elif preferences.get(""aisle""):
        for seat in available_seats:
            if seat.get(""type"") == ""aisle"":
                return seat
    return available_seats[0] if available_seats else None",Hard,Hard,Hard,
PY-066,python,CC5-8,5,"def getitem_block(self, slicer, new_mgr_locs=None):
        """"""
        Perform __getitem__-like, return result as block.

        As of now, only supports slices that preserve dimensionality.
        """"""
        if new_mgr_locs is None:
            if isinstance(slicer, tuple):
                axis0_slicer = slicer[0]
            else:
                axis0_slicer = slicer
            new_mgr_locs = self.mgr_locs[axis0_slicer]

        new_values = self._slice(slicer)

        if self._validate_ndim and new_values.ndim != self.ndim:
            raise ValueError(""Only same dim slicing is allowed"")

        return self.make_block_same_class(new_values, new_mgr_locs)",,,PENDING_ANNOTATION,Replacement function added 20260703_130515 (source: https://github.com/pandas-dev/pandas/blob/9feb3ad92cc0397a04b665803a49299ee7aa1037/pandas/core/internals/blocks.py#L269-L287)
PY-067,python,CC5-8,5,"def akima_interpolate(xi, yi, x, der=0, axis=0):
    """"""
    Convenience function for akima interpolation.
    xi and yi are arrays of values used to approximate some function f,
    with ``yi = f(xi)``.

    See `Akima1DInterpolator` for details.

    Parameters
    ----------
    xi : array_like
        A sorted list of x-coordinates, of length N.
    yi :  array_like
        A 1-D array of real values.  `yi`'s length along the interpolation
        axis must be equal to the length of `xi`. If N-D array, use axis
        parameter to select correct axis.
    x : scalar or array_like
        Of length M.
    der : int or list, optional
        How many derivatives to extract; None for all potentially
        nonzero derivatives (that is a number equal to the number
        of points), or a list of derivatives to extract. This number
        includes the function value as 0th derivative.
    axis : int, optional
        Axis in the yi array corresponding to the x-coordinate values.

    See Also
    --------
    scipy.interpolate.Akima1DInterpolator

    Returns
    -------
    y : scalar or array_like
        The result, of length R or length M or M by R,

    """"""
    from scipy import interpolate
    try:
        P = interpolate.Akima1DInterpolator(xi, yi, axis=axis)
    except TypeError:
        # Scipy earlier than 0.17.0 missing axis
        P = interpolate.Akima1DInterpolator(xi, yi)
    if der == 0:
        return P(x)
    elif interpolate._isscalar(der):
        return P(x, der=der)
    else:
        return [P(x, nu) for nu in der]",,,PENDING_ANNOTATION,Replacement function added 20260703_130515 (source: https://github.com/pandas-dev/pandas/blob/9feb3ad92cc0397a04b665803a49299ee7aa1037/pandas/core/missing.py#L358-L405)
PY-068,python,CC5-8,6,"def check_is_max_context(doc_spans, cur_span_index, position):
    """"""Check if this is the 'max context' doc span for the token.""""""

    # Because of the sliding window approach taken to scoring documents, a single
    # token can appear in multiple documents. E.g.
    #  Doc: the man went to the store and bought a gallon of milk
    #  Span A: the man went to the
    #  Span B: to the store and bought
    #  Span C: and bought a gallon of
    #  ...
    #
    # Now the word 'bought' will have two scores from spans B and C. We only
    # want to consider the score with ""maximum context"", which we define as
    # the *minimum* of its left and right context (the *sum* of left and
    # right context will always be the same, of course).
    #
    # In the example the maximum context for 'bought' would be span C since
    # it has 1 left context and 3 right context, while span B has 4 left context
    # and 0 right context.
    best_score = None
    best_span_index = None
    for (span_index, doc_span) in enumerate(doc_spans):
        end = doc_span.start + doc_span.length - 1
        if position < doc_span.start:
            continue
        if position > end:
            continue
        num_left_context = position - doc_span.start
        num_right_context = end - position
        score = min(num_left_context, num_right_context) + 0.01 * doc_span.length
        if best_score is None or score > best_score:
            best_score = score
            best_span_index = span_index

    return cur_span_index == best_span_index",,,PENDING_ANNOTATION,Replacement function added 20260703_130515 (source: https://github.com/huggingface/pytorch-pretrained-BERT/blob/b832d5bb8a6dfc5965015b828e577677eace601e/examples/run_squad.py#L400-L434)
PY-069,python,CC5-8,6,"def apply_axis_properties(self, axis, rot=None, fontsize=None):
        """""" Tick creation within matplotlib is reasonably expensive and is
            internally deferred until accessed as Ticks are created/destroyed
            multiple times per draw. It's therefore beneficial for us to avoid
            accessing unless we will act on the Tick.
        """"""

        if rot is not None or fontsize is not None:
            # rot=0 is a valid setting, hence the explicit None check
            labels = axis.get_majorticklabels() + axis.get_minorticklabels()
            for label in labels:
                if rot is not None:
                    label.set_rotation(rot)
                if fontsize is not None:
                    label.set_fontsize(fontsize)",,,PENDING_ANNOTATION,Replacement function added 20260703_130515 (source: https://github.com/pandas-dev/pandas/blob/9feb3ad92cc0397a04b665803a49299ee7aa1037/pandas/plotting/_core.py#L489-L503)
PY-070,python,CC5-8,7,"def construction_error(tot_items, block_shape, axes, e=None):
    """""" raise a helpful message about our construction """"""
    passed = tuple(map(int, [tot_items] + list(block_shape)))
    # Correcting the user facing error message during dataframe construction
    if len(passed) <= 2:
        passed = passed[::-1]

    implied = tuple(len(ax) for ax in axes)
    # Correcting the user facing error message during dataframe construction
    if len(implied) <= 2:
        implied = implied[::-1]

    if passed == implied and e is not None:
        raise e
    if block_shape[0] == 0:
        raise ValueError(""Empty data passed with indices specified."")
    raise ValueError(""Shape of passed values is {0}, indices imply {1}"".format(
        passed, implied))",,,PENDING_ANNOTATION,Replacement function added 20260703_130515 (source: https://github.com/pandas-dev/pandas/blob/9feb3ad92cc0397a04b665803a49299ee7aa1037/pandas/core/internals/managers.py#L1670-L1687)
PY-071,python,CC5-8,5,"def rehydrate_skeleton_class(skeleton_class, class_dict):
    """"""Put attributes from `class_dict` back on `skeleton_class`.

    See CloudPickler.save_dynamic_class for more info.
    """"""
    registry = None
    for attrname, attr in class_dict.items():
        if attrname == ""_abc_impl"":
            registry = attr
        else:
            setattr(skeleton_class, attrname, attr)
    if registry is not None:
        for subclass in registry:
            skeleton_class.register(subclass)

    return skeleton_class",,,PENDING_ANNOTATION,Replacement function added 20260703_130515 (source: https://github.com/apache/spark/blob/618d6bff71073c8c93501ab7392c3cc579730f0b/python/pyspark/cloudpickle.py#L1146-L1161)
PY-072,python,CC5-8,6,"def start(self, path=None, format=None, outputMode=None, partitionBy=None, queryName=None,
              **options):
        """"""Streams the contents of the :class:`DataFrame` to a data source.

        The data source is specified by the ``format`` and a set of ``options``.
        If ``format`` is not specified, the default data source configured by
        ``spark.sql.sources.default`` will be used.

        .. note:: Evolving.

        :param path: the path in a Hadoop supported file system
        :param format: the format used to save
        :param outputMode: specifies how data of a streaming DataFrame/Dataset is written to a
                           streaming sink.

            * `append`:Only the new rows in the streaming DataFrame/Dataset will be written to the
              sink
            * `complete`:All the rows in the streaming DataFrame/Dataset will be written to the sink
               every time these is some updates
            * `update`:only the rows that were updated in the streaming DataFrame/Dataset will be
              written to the sink every time there are some updates. If the query doesn't contain
              aggregations, it will be equivalent to `append` mode.
        :param partitionBy: names of partitioning columns
        :param queryName: unique name for the query
        :param options: All other string options. You may want to provide a `checkpointLocation`
                        for most streams, however it is not required for a `memory` stream.

        >>> sq = sdf.writeStream.format('memory').queryName('this_query').start()
        >>> sq.isActive
        True
        >>> sq.name
        u'this_query'
        >>> sq.stop()
        >>> sq.isActive
        False
        >>> sq = sdf.writeStream.trigger(processingTime='5 seconds').start(
        ...     queryName='that_query', outputMode=""append"", format='memory')
        >>> sq.name
        u'that_query'
        >>> sq.isActive
        True
        >>> sq.stop()
        """"""
        self.options(**options)
        if outputMode is not None:
            self.outputMode(outputMode)
        if partitionBy is not None:
            self.partitionBy(partitionBy)
        if format is not None:
            self.format(format)
        if queryName is not None:
            self.queryName(queryName)
        if path is None:
            return self._sq(self._jwrite.start())
        else:
            return self._sq(self._jwrite.start(path))",,,PENDING_ANNOTATION,Replacement function added 20260703_130515 (source: https://github.com/apache/spark/blob/618d6bff71073c8c93501ab7392c3cc579730f0b/python/pyspark/sql/streaming.py#L1073-L1128)
PY-073,python,CC5-8,5,"def trim_front(strings):
    """"""
    Trims zeros and decimal points.
    """"""
    trimmed = strings
    while len(strings) > 0 and all(x[0] == ' ' for x in trimmed):
        trimmed = [x[1:] for x in trimmed]
    return trimmed",,,PENDING_ANNOTATION,Replacement function added 20260703_130515 (source: https://github.com/pandas-dev/pandas/blob/9feb3ad92cc0397a04b665803a49299ee7aa1037/pandas/core/indexes/base.py#L5393-L5400)
PY-074,python,CC5-8,6,"def extend_blocks(result, blocks=None):
    """""" return a new extended blocks, givin the result """"""
    from pandas.core.internals import BlockManager
    if blocks is None:
        blocks = []
    if isinstance(result, list):
        for r in result:
            if isinstance(r, list):
                blocks.extend(r)
            else:
                blocks.append(r)
    elif isinstance(result, BlockManager):
        blocks.extend(result.blocks)
    else:
        blocks.append(result)
    return blocks",,,PENDING_ANNOTATION,Replacement function added 20260703_130515 (source: https://github.com/pandas-dev/pandas/blob/9feb3ad92cc0397a04b665803a49299ee7aa1037/pandas/core/internals/blocks.py#L3060-L3075)
PY-075,python,CC9-12,9,"def get_corpus_line(self, item):
        """"""
        Get one sample from corpus consisting of a pair of two subsequent lines from the same doc.
        :param item: int, index of sample.
        :return: (str, str), two subsequent sentences from corpus
        """"""
        t1 = """"
        t2 = """"
        assert item < self.corpus_lines
        if self.on_memory:
            sample = self.sample_to_doc[item]
            t1 = self.all_docs[sample[""doc_id""]][sample[""line""]]
            t2 = self.all_docs[sample[""doc_id""]][sample[""line""]+1]
            # used later to avoid random nextSentence from same doc
            self.current_doc = sample[""doc_id""]
            return t1, t2
        else:
            if self.line_buffer is None:
                # read first non-empty line of file
                while t1 == """" :
                    t1 = next(self.file).strip()
                    t2 = next(self.file).strip()
            else:
                # use t2 from previous iteration as new t1
                t1 = self.line_buffer
                t2 = next(self.file).strip()
                # skip empty rows that are used for separating documents and keep track of current doc id
                while t2 == """" or t1 == """":
                    t1 = next(self.file).strip()
                    t2 = next(self.file).strip()
                    self.current_doc = self.current_doc+1
            self.line_buffer = t2

        assert t1 != """"
        assert t2 != """"
        return t1, t2",,,PENDING_ANNOTATION,Replacement function added 20260703_130515 (source: https://github.com/huggingface/pytorch-pretrained-BERT/blob/b832d5bb8a6dfc5965015b828e577677eace601e/examples/lm_finetuning/simple_lm_finetuning.py#L159-L194)
PY-076,python,CC9-12,10,"def preprocess_sgm(line, is_sgm):
  """"""Preprocessing to strip tags in SGM files.""""""
  if not is_sgm:
    return line
  # In SGM files, remove <srcset ...>, <p>, <doc ...> lines.
  if line.startswith(""<srcset"") or line.startswith(""</srcset""):
    return """"
  if line.startswith(""<doc"") or line.startswith(""</doc""):
    return """"
  if line.startswith(""<p>"") or line.startswith(""</p>""):
    return """"
  # Strip <seg> tags.
  line = line.strip()
  if line.startswith(""<seg"") and line.endswith(""</seg>""):
    i = line.index("">"")
    return line[i + 1:-6]",,,PENDING_ANNOTATION,Replacement function added 20260703_130515 (source: https://github.com/tensorflow/tensor2tensor/blob/272500b6efe353aeb638d2745ed56e519462ca31/tensor2tensor/data_generators/translate.py#L121-L136)
PY-077,python,CC9-12,10,"def add_to_capabilities(self, capabilities):
        """"""
        Adds proxy information as capability in specified capabilities.

        :Args:
         - capabilities: The capabilities to which proxy will be added.
        """"""
        proxy_caps = {}
        proxy_caps['proxyType'] = self.proxyType['string']
        if self.autodetect:
            proxy_caps['autodetect'] = self.autodetect
        if self.ftpProxy:
            proxy_caps['ftpProxy'] = self.ftpProxy
        if self.httpProxy:
            proxy_caps['httpProxy'] = self.httpProxy
        if self.proxyAutoconfigUrl:
            proxy_caps['proxyAutoconfigUrl'] = self.proxyAutoconfigUrl
        if self.sslProxy:
            proxy_caps['sslProxy'] = self.sslProxy
        if self.noProxy:
            proxy_caps['noProxy'] = self.noProxy
        if self.socksProxy:
            proxy_caps['socksProxy'] = self.socksProxy
        if self.socksUsername:
            proxy_caps['socksUsername'] = self.socksUsername
        if self.socksPassword:
            proxy_caps['socksPassword'] = self.socksPassword
        capabilities['proxy'] = proxy_caps",,,PENDING_ANNOTATION,Replacement function added 20260703_130515 (source: https://github.com/SeleniumHQ/selenium/blob/df40c28b41d4b3953f90eaff84838a9ac052b84a/py/selenium/webdriver/common/proxy.py#L307-L334)
PY-078,python,CC9-12,10,"def is_uniform_join_units(join_units):
    """"""
    Check if the join units consist of blocks of uniform type that can
    be concatenated using Block.concat_same_type instead of the generic
    concatenate_join_units (which uses `_concat._concat_compat`).

    """"""
    return (
        # all blocks need to have the same type
        all(type(ju.block) is type(join_units[0].block) for ju in join_units) and  # noqa
        # no blocks that would get missing values (can lead to type upcasts)
        # unless we're an extension dtype.
        all(not ju.is_na or ju.block.is_extension for ju in join_units) and
        # no blocks with indexers (as then the dimensions do not fit)
        all(not ju.indexers for ju in join_units) and
        # disregard Panels
        all(ju.block.ndim <= 2 for ju in join_units) and
        # only use this path when there is something to concatenate
        len(join_units) > 1)",,,PENDING_ANNOTATION,Replacement function added 20260703_130515 (source: https://github.com/pandas-dev/pandas/blob/9feb3ad92cc0397a04b665803a49299ee7aa1037/pandas/core/internals/concat.py#L366-L384)
PY-079,python,CC9-12,9,"def factorial(n, mod=None):
    """"""Calculates factorial iteratively.
    If mod is not None, then return (n! % mod)
    Time Complexity - O(n)""""""
    if not (isinstance(n, int) and n >= 0):
        raise ValueError(""'n' must be a non-negative integer."")
    if mod is not None and not (isinstance(mod, int) and mod > 0):
        raise ValueError(""'mod' must be a positive integer"")
    result = 1
    if n == 0:
        return 1
    for i in range(2, n+1):
        result *= i
        if mod:
            result %= mod
    return result",,,PENDING_ANNOTATION,Replacement function added 20260703_130515 (source: https://github.com/keon/algorithms/blob/4d6569464a62a75c1357acc97e2dd32ee2f9f4a3/algorithms/maths/factorial.py#L1-L16)
PY-080,python,CC9-12,11,"def three_sum(array):
    """"""
    :param array: List[int]
    :return: Set[ Tuple[int, int, int] ]
    """"""
    res = set()
    array.sort()
    for i in range(len(array) - 2):
        if i > 0 and array[i] == array[i - 1]:
            continue
        l, r = i + 1, len(array) - 1
        while l < r:
            s = array[i] + array[l] + array[r]
            if s > 0:
                r -= 1
            elif s < 0:
                l += 1
            else:
                # found three sum
                res.add((array[i], array[l], array[r]))

                # remove duplicates
                while l < r and array[l] == array[l + 1]:
                    l += 1

                while l < r and array[r] == array[r - 1]:
                    r -= 1

                l += 1
                r -= 1
    return res",,,PENDING_ANNOTATION,Replacement function added 20260703_130515 (source: https://github.com/keon/algorithms/blob/4d6569464a62a75c1357acc97e2dd32ee2f9f4a3/algorithms/arrays/three_sum.py#L18-L48)
PY-081,python,CC9-12,10,"def trigger(self, processingTime=None, once=None, continuous=None):
        """"""Set the trigger for the stream query. If this is not set it will run the query as fast
        as possible, which is equivalent to setting the trigger to ``processingTime='0 seconds'``.

        .. note:: Evolving.

        :param processingTime: a processing time interval as a string, e.g. '5 seconds', '1 minute'.
                               Set a trigger that runs a query periodically based on the processing
                               time. Only one trigger can be set.
        :param once: if set to True, set a trigger that processes only one batch of data in a
                     streaming query then terminates the query. Only one trigger can be set.

        >>> # trigger the query for execution every 5 seconds
        >>> writer = sdf.writeStream.trigger(processingTime='5 seconds')
        >>> # trigger the query for just once batch of data
        >>> writer = sdf.writeStream.trigger(once=True)
        >>> # trigger the query for execution every 5 seconds
        >>> writer = sdf.writeStream.trigger(continuous='5 seconds')
        """"""
        params = [processingTime, once, continuous]

        if params.count(None) == 3:
            raise ValueError('No trigger provided')
        elif params.count(None) < 2:
            raise ValueError('Multiple triggers not allowed.')

        jTrigger = None
        if processingTime is not None:
            if type(processingTime) != str or len(processingTime.strip()) == 0:
                raise ValueError('Value for processingTime must be a non empty string. Got: %s' %
                                 processingTime)
            interval = processingTime.strip()
            jTrigger = self._spark._sc._jvm.org.apache.spark.sql.streaming.Trigger.ProcessingTime(
                interval)

        elif once is not None:
            if once is not True:
                raise ValueError('Value for once must be True. Got: %s' % once)
            jTrigger = self._spark._sc._jvm.org.apache.spark.sql.streaming.Trigger.Once()

        else:
            if type(continuous) != str or len(continuous.strip()) == 0:
                raise ValueError('Value for continuous must be a non empty string. Got: %s' %
                                 continuous)
            interval = continuous.strip()
            jTrigger = self._spark._sc._jvm.org.apache.spark.sql.streaming.Trigger.Continuous(
                interval)

        self._jwrite = self._jwrite.trigger(jTrigger)
        return self",,,PENDING_ANNOTATION,Replaced cycle_sort (infinite-loop hang under Pynguin fuzzing) with trigger on 2026-07-03 (source: https://github.com/apache/spark/blob/618d6bff71073c8c93501ab7392c3cc579730f0b/python/pyspark/sql/streaming.py#L829-L878)
PY-082,python,CC9-12,12,"def process_nested_expression(self, nested_expression) -> str:
        """"""
        ``nested_expression`` is the result of parsing a logical form in Lisp format.
        We process it recursively and return a string in the format that NLTK's ``LogicParser``
        would understand.
        """"""
        expression_is_list = isinstance(nested_expression, list)
        expression_size = len(nested_expression)
        if expression_is_list and expression_size == 1 and isinstance(nested_expression[0], list):
            return self.process_nested_expression(nested_expression[0])
        elements_are_leaves = [isinstance(element, str) for element in nested_expression]
        if all(elements_are_leaves):
            mapped_names = [self._map_name(name) for name in nested_expression]
        else:
            mapped_names = []
            for element, is_leaf in zip(nested_expression, elements_are_leaves):
                if is_leaf:
                    mapped_names.append(self._map_name(element))
                else:
                    mapped_names.append(self.process_nested_expression(element))
        if mapped_names[0] == ""\\"":
            # This means the predicate is lambda. NLTK wants the variable name to not be within parantheses.
            # Adding parentheses after the variable.
            arguments = [mapped_names[1]] + [f""({name})"" for name in mapped_names[2:]]
        else:
            arguments = [f""({name})"" for name in mapped_names[1:]]
        return f'({mapped_names[0]} {"" "".join(arguments)})'",,,PENDING_ANNOTATION,Replacement function added 20260703_130515 (source: https://github.com/allenai/allennlp/blob/648a36f77db7e45784c047176074f98534c76636/allennlp/semparse/worlds/world.py#L382-L408)
PY-083,python,CC9-12,10,"def bind(self, data_shapes, label_shapes=None, for_training=True,
             inputs_need_grad=False, force_rebind=False, shared_module=None,
             grad_req='write'):
        """"""Binds the symbols to construct executors. This is necessary before one
        can perform computation with the module.

        Parameters
        ----------
        data_shapes : list of (str, tuple)
            Typically is ``data_iter.provide_data``.
        label_shapes : list of (str, tuple)
            Typically is ``data_iter.provide_label``.
        for_training : bool
            Default is ``True``. Whether the executors should be bind for training.
        inputs_need_grad : bool
            Default is ``False``. Whether the gradients to the input data need to be computed.
            Typically this is not needed. But this might be needed when implementing composition
            of modules.
        force_rebind : bool
            Default is ``False``. This function does nothing if the executors are already
            bound. But with this ``True``, the executors will be forced to rebind.
        shared_module : Module
            Default is ``None``. This is used in bucketing. When not ``None``, the shared module
            essentially corresponds to a different bucket -- a module with different symbol
            but with the same sets of parameters (e.g. unrolled RNNs with different lengths).
        grad_req : str, list of str, dict of str to str
            Requirement for gradient accumulation. Can be 'write', 'add', or 'null'
            (default to 'write').
            Can be specified globally (str) or for each argument (list, dict).
        """"""
        if self.binded and not force_rebind:
            self.logger.warning('Already bound, ignoring bind()')
            return

        assert grad_req == 'write', ""Python module only support write gradient""
        self.for_training = for_training
        self.inputs_need_grad = inputs_need_grad

        assert len(data_shapes) == len(self._data_names)
        assert [x[0] for x in data_shapes] == self._data_names
        self._data_shapes = data_shapes

        self._label_shapes = label_shapes
        if label_shapes is not None:
            assert self._label_names is not None
            assert len(self._label_names) == len(label_shapes)
            assert [x[0] for x in label_shapes] == self._label_names

        self._output_shapes = self._compute_output_shapes()",,,PENDING_ANNOTATION,Replacement function added 20260703_130515 (source: https://github.com/apache/incubator-mxnet/blob/1af29e9c060a4c7d60eeaacba32afdb9a7775ba7/python/mxnet/module/python_module.py#L165-L213)
